PC,Proportion.Variance.Explained
1,0.05726913320695147
2,0.012403903465366241
3,0.010307427762200479
4,0.004620608284231974
5,0.002771693156592235
6,0.0025837777960588076
7,0.0021788174022567986
8,0.0018003997465164193
9,0.0015097266912925266
10,0.0013415692555912464
