{"regist_target_img_scalef": 0.16836435, "tissue_hires_scalef": 0.056121446, "tissue_lowres_scalef": 0.016836435, "fiducial_diameter_fullres": 384.18505640709947, "spot_diameter_fullres": 256.12337093806633}